fecha,a√±o,mes,dia,hospitalizados_totales,hospitalizados_totales_cdmx,hospitalizados_totales_edomex,camas_intubados_totales,camas_intubados_cdmx,camas_intubados_edomex
2020-03-24,2020,marzo,24,50,50,0,39,39,0
2020-03-25,2020,marzo,25,105,105,0,33,33,0
2020-03-26,2020,marzo,26,128,128,0,42,42,0
2020-03-27,2020,marzo,27,175,175,0,60,60,0
2020-03-28,2020,marzo,28,257,257,0,78,78,0
2020-03-29,2020,marzo,29,258,258,0,84,84,0
2020-03-30,2020,marzo,30,324,301,23,109,104,5
2020-03-31,2020,marzo,31,328,313,15,122,118,4
2020-04-01,2020,abril,1,384,359,25,133,128,5
2020-04-02,2020,abril,2,393,361,32,143,136,7
2020-04-03,2020,abril,3,448,405,43,131,124,7
2020-04-04,2020,abril,4,474,434,40,132,127,5
2020-04-05,2020,abril,5,546,509,37,153,146,7
2020-04-06,2020,abril,6,596,559,37,182,171,11
2020-04-07,2020,abril,7,670,609,61,191,178,13
2020-04-08,2020,abril,8,741,657,84,229,202,27
2020-04-09,2020,abril,9,855,768,87,288,249,39
2020-04-10,2020,abril,10,1085,834,251,314,256,58
2020-04-11,2020,abril,11,1212,910,302,336,265,71
2020-04-12,2020,abril,12,1316,997,319,359,280,79
2020-04-13,2020,abril,13,1379,1027,352,372,275,97
2020-04-14,2020,abril,14,1446,1110,336,418,343,75
2020-04-15,2020,abril,15,1530,1121,409,472,355,117
2020-04-16,2020,abril,16,1705,1255,450,508,390,118
2020-04-17,2020,abril,17,1887,1408,479,585,468,117
2020-04-18,2020,abril,18,2067,1548,519,611,487,124
2020-04-19,2020,abril,19,2205,1647,558,654,524,130
2020-04-20,2020,abril,20,2301,1706,595,656,529,127
2020-04-21,2020,abril,21,2529,1878,651,699,572,127
2020-04-22,2020,abril,22,2574,1932,642,703,570,133
2020-04-23,2020,abril,23,2745,2064,681,701,571,130
2020-04-24,2020,abril,24,2935,2162,773,760,620,140
2020-04-25,2020,abril,25,3243,2445,798,840,685,155
2020-04-26,2020,abril,26,3394,2572,826,887,723,164
2020-04-27,2020,abril,27,3753,2689,941,915,747,154
2020-04-28,2020,abril,28,3921,2675,1082,970,768,186
2020-04-29,2020,abril,29,4061,2765,1149,1015,805,196
2020-04-30,2020,abril,30,4238,2900,1207,1057,845,215
2020-05-01,2020,mayo,1,4466,3037,1241,1068,825,203
2020-05-02,2020,mayo,2,4553,3096,1259,1026,816,198
2020-05-03,2020,mayo,3,4628,3099,1381,1066,870,228
2020-05-04,2020,mayo,4,4718,3201,1517,1080,849,231
2020-05-05,2020,mayo,5,4994,3438,1556,1102,878,224
2020-05-06,2020,mayo,6,4904,3378,1526,1104,875,229
2020-05-07,2020,mayo,7,4906,3424,1482,1134,899,235
2020-05-08,2020,mayo,8,5103,3574,1529,1162,914,248
2020-05-09,2020,mayo,9,5216,3610,1606,1186,918,268
2020-05-10,2020,mayo,10,5400,3767,1633,1197,919,278
2020-05-11,2020,mayo,11,5423,3779,1644,1193,935,258
2020-05-12,2020,mayo,12,5549,3903,1646,1218,961,257
2020-05-13,2020,mayo,13,5649,3964,1685,1254,987,267
2020-05-14,2020,mayo,14,5726,4009,1717,1248,956,292
2020-05-15,2020,mayo,15,5871,4099,1772,1289,974,315
2020-05-16,2020,mayo,16,5970,4159,1811,1295,982,313
2020-05-17,2020,mayo,17,6322,4390,1932,1433,1105,328
2020-05-18,2020,mayo,18,6273,4371,1902,1433,1107,326
2020-05-19,2020,mayo,19,6320,4419,1901,1453,1119,334
2020-05-20,2020,mayo,20,6425,4540,1885,1429,1111,318
2020-05-21,2020,mayo,21,6406,4533,1873,1446,1090,356
2020-05-22,2020,mayo,22,6457,4573,1884,1439,1077,362
2020-05-23,2020,mayo,23,6359,4490,1869,1493,1123,370
2020-05-24,2020,mayo,24,6335,4458,1877,1457,1097,360
2020-05-25,2020,mayo,25,6272,4414,1858,1455,1074,381
2020-05-26,2020,mayo,26,6340,4478,1862,1444,1076,368
2020-05-27,2020,mayo,27,6281,4420,1861,1407,1060,347
2020-05-28,2020,mayo,28,6241,4420,1821,1398,1053,345
2020-05-29,2020,mayo,29,6239,4413,1826,1418,1055,363
2020-05-30,2020,mayo,30,6278,4444,1834,1447,1081,366
2020-05-31,2020,mayo,31,6355,4461,1894,1461,1065,396
2020-06-01,2020,junio,1,6312,4468,1844,1451,1086,365
2020-06-02,2020,junio,2,6382,4469,1913,1482,1087,395
2020-06-03,2020,junio,3,6362,4465,1897,1490,1095,395
2020-06-04,2020,junio,4,6370,4474,1896,1456,1064,392
2020-06-05,2020,junio,5,6423,4491,1932,1493,1097,396
2020-06-06,2020,junio,6,6442,4484,1958,1425,1045,380
2020-06-07,2020,junio,7,6330,4424,1906,1426,1048,378
2020-06-08,2020,junio,8,6320,4408,1912,1408,1041,367
2020-06-09,2020,junio,9,6373,4436,1937,1361,1017,344
2020-06-10,2020,junio,10,6352,4447,1905,1369,1017,352
2020-06-11,2020,junio,11,6333,4460,1873,1365,1027,338
2020-06-12,2020,junio,12,6323,4456,1867,1366,1020,346
2020-06-13,2020,junio,13,6182,4374,1808,1383,1033,350
2020-06-14,2020,junio,14,6130,4331,1799,1347,1006,341
2020-06-15,2020,junio,15,6057,4279,1778,1329,998,331
2020-06-16,2020,junio,16,6064,4360,1704,1345,1011,334
2020-06-17,2020,junio,17,5985,4303,1682,1329,1015,314
2020-06-18,2020,junio,18,5890,4213,1677,1284,969,315
2020-06-19,2020,junio,19,5818,4142,1676,1265,952,313
2020-06-20,2020,junio,20,5750,4080,1670,1274,958,316
2020-06-21,2020,junio,21,5714,4074,1640,1291,974,317
2020-06-22,2020,junio,22,5566,3945,1621,1270,964,306
2020-06-23,2020,junio,23,5600,4008,1592,1244,936,308
2020-06-24,2020,junio,24,5480,3910,1570,1214,913,301
2020-06-25,2020,junio,25,5488,3908,1580,1227,935,292
2020-06-26,2020,junio,26,5416,3845,1571,1234,927,307
2020-06-27,2020,junio,27,5333,3806,1527,1254,941,313
2020-06-28,2020,junio,28,5282,3780,1502,1270,958,312
2020-06-29,2020,junio,29,5277,3793,1484,1261,949,312
2020-06-30,2020,junio,30,5288,3822,1466,1236,932,304
2020-07-01,2020,julio,1,5213,3750,1463,1219,920,299
2020-07-02,2020,julio,2,5120,3676,1444,1193,901,292
2020-07-03,2020,julio,3,5095,3666,1429,1195,897,298
2020-07-04,2020,julio,4,5010,3592,1418,1203,878,325
2020-07-05,2020,julio,5,5012,3602,1410,1213,884,329
2020-07-06,2020,julio,6,5027,3623,1404,1212,892,320
2020-07-07,2020,julio,7,4982,3609,1373,1196,885,311
2020-07-08,2020,julio,8,4906,3569,1337,1163,868,295
2020-07-09,2020,julio,9,4823,3489,1334,1146,844,302
2020-07-10,2020,julio,10,4797,3459,1338,1149,842,307
2020-07-11,2020,julio,11,4780,3462,1318,1191,865,326
2020-07-12,2020,julio,12,4755,3431,1324,1160,843,317
2020-07-13,2020,julio,13,4717,3388,1329,1148,831,317
2020-07-14,2020,julio,14,4803,3456,1347,1123,816,307
2020-07-15,2020,julio,15,4757,3418,1339,1112,809,303
2020-07-16,2020,julio,16,4700,3385,1315,1101,813,288
2020-07-17,2020,julio,17,4648,3364,1284,1108,813,295
2020-07-18,2020,julio,18,4538,3295,1243,1087,798,289
2020-07-19,2020,julio,19,4591,3350,1241,1103,804,299
2020-07-20,2020,julio,20,4610,3388,1222,1094,801,293
2020-07-21,2020,julio,21,4645,3401,1244,1096,809,287
2020-07-22,2020,julio,22,4708,3425,1283,1068,787,281
2020-07-23,2020,julio,23,4715,3448,1267,1068,774,294
2020-07-24,2020,julio,24,4639,3419,1220,1054,786,268
2020-07-25,2020,julio,25,4635,3415,1220,1084,803,281
2020-07-26,2020,julio,26,4647,3423,1224,1106,822,284
2020-07-27,2020,julio,27,4648,3447,1201,1093,813,280
2020-07-28,2020,julio,28,4682,3470,1212,1108,830,278
2020-07-29,2020,julio,29,4699,3493,1206,1121,836,285
2020-07-30,2020,julio,30,4599,3394,1205,1131,838,293
2020-07-31,2020,julio,31,4513,3296,1217,1123,830,293
2020-08-01,2020,agosto,1,4381,3193,1188,1114,828,286
2020-08-02,2020,agosto,2,4372,3188,1184,1114,836,278
2020-08-03,2020,agosto,3,4383,3220,1163,1102,832,270
2020-08-04,2020,agosto,4,4410,3255,1155,1081,822,259
2020-08-05,2020,agosto,5,4291,3183,1108,1076,812,264
2020-08-06,2020,agosto,6,4278,3158,1120,1046,790,256
2020-08-07,2020,agosto,7,4214,3123,1091,1040,786,254
2020-08-08,2020,agosto,8,4102,3016,1086,1042,781,261
2020-08-09,2020,agosto,9,4107,3015,1092,1050,776,274
2020-08-10,2020,agosto,10,4061,2984,1077,1030,753,277
2020-08-11,2020,agosto,11,4002,2912,1090,972,711,261
2020-08-12,2020,agosto,12,3979,2862,1117,962,706,256
2020-08-13,2020,agosto,13,3978,2832,1146,959,689,270
2020-08-14,2020,agosto,14,3962,2830,1132,950,694,256
2020-08-15,2020,agosto,15,3920,2811,1109,948,700,248
2020-08-16,2020,agosto,16,3929,2819,1110,942,688,254
2020-08-17,2020,agosto,17,3915,2816,1099,944,689,255
2020-08-18,2020,agosto,18,4001,2894,1107,930,678,252
2020-08-19,2020,agosto,19,4012,2891,1121,933,687,246
2020-08-20,2020,agosto,20,3922,2816,1106,923,677,246
2020-08-21,2020,agosto,21,3836,2774,1062,908,679,229
2020-08-22,2020,agosto,22,3741,2740,1001,927,700,227
2020-08-23,2020,agosto,23,3752,2731,1021,915,696,219
2020-08-24,2020,agosto,24,3816,2804,1012,929,717,212
2020-08-25,2020,agosto,25,3855,2858,997,904,706,198
2020-08-26,2020,agosto,26,3883,2887,996,903,705,198
2020-08-27,2020,agosto,27,3863,2900,963,900,699,201
2020-08-28,2020,agosto,28,3831,2884,947,892,703,189
2020-08-29,2020,agosto,29,3755,2828,927,898,704,194
2020-08-30,2020,agosto,30,3759,2852,907,885,702,183
2020-08-31,2020,agosto,31,3836,2925,911,909,717,192
2020-09-01,2020,septiembre,1,3864,2942,922,897,702,195
2020-09-02,2020,septiembre,2,3848,2899,949,868,688,180
2020-09-03,2020,septiembre,3,3763,2857,906,857,673,184
2020-09-04,2020,septiembre,4,3777,2881,896,848,669,179
2020-09-05,2020,septiembre,5,3722,2832,890,856,674,182
2020-09-06,2020,septiembre,6,3744,2857,887,874,692,182
2020-09-07,2020,septiembre,7,3776,2876,900,868,674,194
2020-09-08,2020,septiembre,8,3847,2917,930,868,684,184
2020-09-09,2020,septiembre,9,3837,2909,928,868,686,182
2020-09-10,2020,septiembre,10,3885,2941,944,880,685,195
2020-09-11,2020,septiembre,11,3825,2895,930,904,707,197
2020-09-12,2020,septiembre,12,3807,2868,939,894,704,190
2020-09-13,2020,septiembre,13,3790,2860,930,877,694,183
2020-09-14,2020,septiembre,14,3803,2884,919,895,701,194
2020-09-15,2020,septiembre,15,3784,2844,940,892,706,186
2020-09-16,2020,septiembre,16,3748,2826,922,882,693,189
2020-09-17,2020,septiembre,17,3716,2796,920,898,706,192
2020-09-18,2020,septiembre,18,3771,2838,933,905,709,196
2020-09-19,2020,septiembre,19,3653,2762,891,893,697,196
2020-09-20,2020,septiembre,20,3610,2718,892,909,713,196
2020-09-21,2020,septiembre,21,3616,2740,876,891,707,184
2020-09-22,2020,septiembre,22,3598,2729,869,867,684,183
2020-09-23,2020,septiembre,23,3602,2720,882,872,690,182
2020-09-24,2020,septiembre,24,3524,2677,847,861,684,177
2020-09-25,2020,septiembre,25,3482,2641,841,846,675,171
2020-09-26,2020,septiembre,26,3388,2564,824,826,659,167
2020-09-27,2020,septiembre,27,3384,2550,834,838,681,157
2020-09-28,2020,septiembre,28,3425,2605,820,846,679,167
2020-09-29,2020,septiembre,29,3434,2594,840,824,659,165
2020-09-30,2020,septiembre,30,3444,2588,856,837,670,167
2020-10-01,2020,octubre,1,3455,2607,848,828,658,170
2020-10-02,2020,octubre,2,3446,2612,834,832,669,163
2020-10-03,2020,octubre,3,3400,2569,831,821,664,157
2020-10-04,2020,octubre,4,3419,2558,861,823,670,153
2020-10-05,2020,octubre,5,3479,2588,891,820,664,156
2020-10-06,2020,octubre,6,3521,2606,915,834,669,165
2020-10-07,2020,octubre,7,3496,2596,900,841,668,173
2020-10-08,2020,octubre,8,3482,2590,892,858,675,183
2020-10-09,2020,octubre,9,3468,2591,877,841,665,176
2020-10-10,2020,octubre,10,3405,2565,840,831,656,175
2020-10-11,2020,octubre,11,3472,2607,865,859,687,172
2020-10-12,2020,octubre,12,3538,2645,893,869,699,170
2020-10-13,2020,octubre,13,3548,2663,885,853,680,173
2020-10-14,2020,octubre,14,3604,2704,900,869,701,168
2020-10-15,2020,octubre,15,3598,2694,904,880,695,185
2020-10-16,2020,octubre,16,3624,2711,913,858,673,185
2020-10-17,2020,octubre,17,3637,2724,913,863,678,185
2020-10-18,2020,octubre,18,3679,2746,933,869,683,186
2020-10-19,2020,octubre,19,3730,2775,955,878,696,182
2020-10-20,2020,octubre,20,3755,2764,991,884,702,186
2020-10-21,2020,octubre,21,3752,2761,991,911,720,191
2020-10-22,2020,octubre,22,3726,2769,957,949,751,198
2020-10-23,2020,octubre,23,3743,2791,952,927,744,183
2020-10-24,2020,octubre,24,3714,2770,944,892,712,180
2020-10-25,2020,octubre,25,3761,2816,945,919,736,183
2020-10-26,2020,octubre,26,3778,2820,958,934,734,200
2020-10-27,2020,octubre,27,3821,2841,980,922,725,197
2020-10-28,2020,octubre,28,3876,2889,987,942,740,202
2020-10-29,2020,octubre,29,3887,2893,994,932,723,209
2020-10-30,2020,octubre,30,3837,2859,978,924,715,209
2020-10-31,2020,octubre,31,3752,2834,918,923,722,201
2020-11-01,2020,noviembre,1,3802,2861,941,935,743,192
2020-11-02,2020,noviembre,2,3810,2870,940,915,733,182
2020-11-03,2020,noviembre,3,3831,2892,939,910,735,175
2020-11-04,2020,noviembre,4,3836,2899,937,915,729,186
2020-11-05,2020,noviembre,5,3872,2923,949,943,758,185
2020-11-06,2020,noviembre,6,3844,2906,938,914,718,196
2020-11-07,2020,noviembre,7,3801,2859,942,933,743,190
2020-11-08,2020,noviembre,8,3902,2956,946,944,753,191
2020-11-09,2020,noviembre,9,3970,2982,988,957,772,185
2020-11-10,2020,noviembre,10,4103,3110,993,955,768,187
2020-11-11,2020,noviembre,11,4232,3161,1071,1000,803,197
2020-11-12,2020,noviembre,12,4247,3227,1020,1017,817,200
2020-11-13,2020,noviembre,13,4313,3282,1031,1021,820,201
2020-11-14,2020,noviembre,14,4309,3252,1057,1040,842,198
2020-11-15,2020,noviembre,15,4353,3308,1045,1053,850,203
2020-11-16,2020,noviembre,16,4414,3340,1074,1061,849,212
2020-11-17,2020,noviembre,17,4492,3354,1138,1035,827,208
2020-11-18,2020,noviembre,18,4595,3416,1179,1060,844,216
2020-11-19,2020,noviembre,19,4596,3427,1169,1053,836,217
2020-11-20,2020,noviembre,20,4618,3452,1166,1089,862,227
2020-11-21,2020,noviembre,21,4562,3398,1164,1091,861,230
2020-11-22,2020,noviembre,22,4648,3468,1180,1112,872,240
2020-11-23,2020,noviembre,23,4681,3465,1216,1112,865,247
2020-11-24,2020,noviembre,24,4758,3553,1205,1058,831,227
2020-11-25,2020,noviembre,25,4822,3599,1223,1075,844,231
2020-11-26,2020,noviembre,26,4886,3632,1254,1129,886,243
2020-11-27,2020,noviembre,27,4967,3675,1292,1130,887,243
2020-11-28,2020,noviembre,28,5047,3717,1330,1186,933,253
2020-11-29,2020,noviembre,29,5047,3739,1308,1176,924,252
2020-11-30,2020,noviembre,30,5174,3839,1335,1165,909,256
2020-12-01,2020,diciembre,1,5301,3911,1390,1192,932,260
2020-12-02,2020,diciembre,2,5338,3916,1422,1179,923,256
2020-12-03,2020,diciembre,3,5359,3917,1442,1138,898,240
2020-12-04,2020,diciembre,4,5481,3989,1492,1187,936,251
2020-12-05,2020,diciembre,5,5465,3993,1472,1188,923,265
2020-12-06,2020,diciembre,6,5517,4033,1484,1217,948,269
2020-12-07,2020,diciembre,7,5695,4131,1564,1228,959,269
2020-12-08,2020,diciembre,8,5879,4235,1644,1218,958,260
2020-12-09,2020,diciembre,9,6065,4382,1683,1287,1008,279
2020-12-10,2020,diciembre,10,6194,4454,1740,1302,1014,288
2020-12-11,2020,diciembre,11,6321,4527,1794,1333,1036,297
2020-12-12,2020,diciembre,12,6330,4549,1781,1327,1032,295
2020-12-13,2020,diciembre,13,6439,4606,1833,1354,1060,294
2020-12-14,2020,diciembre,14,6622,4732,1890,1373,1078,295
2020-12-15,2020,diciembre,15,6746,4843,1903,1452,1147,305
2020-12-16,2020,diciembre,16,6832,4863,1969,1496,1162,334
2020-12-17,2020,diciembre,17,6972,4947,2025,1539,1180,359
2020-12-18,2020,diciembre,18,7094,5047,2047,1614,1238,376
2020-12-19,2020,diciembre,19,7109,5089,2020,1715,1342,373
2020-12-20,2020,diciembre,20,7334,5212,2122,1763,1363,400
2020-12-21,2020,diciembre,21,7432,5389,2043,1767,1397,370
2020-12-22,2020,diciembre,22,7618,5525,2093,1821,1422,399
2020-12-23,2020,diciembre,23,7700,5559,2141,1853,1455,398
2020-12-24,2020,diciembre,24,7796,5615,2181,1901,1496,405
2020-12-25,2020,diciembre,25,7730,5573,2157,1923,1519,404
2020-12-26,2020,diciembre,26,7945,5721,2224,1978,1532,446
2020-12-27,2020,diciembre,27,8129,5848,2281,2045,1593,452
2020-12-28,2020,diciembre,28,8265,5962,2303,2016,1551,465
2020-12-29,2020,diciembre,29,8289,5961,2328,2037,1570,467
2020-12-30,2020,diciembre,30,8586,6199,2387,2076,1602,474
2020-12-31,2020,diciembre,31,8598,6155,2443,2079,1584,495
2021-01-01,2021,enero,1,8636,6225,2411,2155,1657,498
2021-01-02,2021,enero,2,8695,6318,2377,2169,1688,481
2021-01-03,2021,enero,3,8792,6341,2451,2148,1674,474
2021-01-04,2021,enero,4,8853,6373,2480,2143,1660,483
2021-01-05,2021,enero,5,8890,6419,2471,2129,1620,509
2021-01-06,2021,enero,6,9002,6519,2483,2115,1621,494
2021-01-07,2021,enero,7,9212,6681,2531,2172,1674,498
2021-01-08,2021,enero,8,9333,6762,2571,2166,1644,522
2021-01-09,2021,enero,9,9403,6811,2592,2199,1673,526
2021-01-10,2021,enero,10,9479,6848,2631,2227,1711,516
2021-01-11,2021,enero,11,9459,6912,2547,2254,1747,507
2021-01-12,2021,enero,12,9565,7013,2552,2281,1782,499
2021-01-13,2021,enero,13,9601,7024,2577,2241,1745,496
2021-01-14,2021,enero,14,9677,7112,2565,2301,1788,513
2021-01-15,2021,enero,15,9765,7167,2598,2369,1844,525
2021-01-16,2021,enero,16,9800,7223,2577,2412,1897,515
2021-01-17,2021,enero,17,9752,7180,2572,2380,1861,519
2021-01-18,2021,enero,18,9933,7296,2637,2379,1861,518
2021-01-19,2021,enero,19,10071,7401,2670,2385,1870,515
2021-01-20,2021,enero,20,10022,7381,2641,2381,1884,497
2021-01-21,2021,enero,21,10007,7319,2688,2383,1857,526
2021-01-22,2021,enero,22,10010,7304,2706,2373,1884,489
2021-01-23,2021,enero,23,9931,7316,2615,2394,1896,498
2021-01-24,2021,enero,24,9893,7288,2605,2396,1890,506
2021-01-25,2021,enero,25,9866,7285,2581,2392,1880,512
2021-01-26,2021,enero,26,9897,7257,2640,2375,1846,529
2021-01-27,2021,enero,27,9806,7207,2599,2324,1824,500
2021-01-28,2021,enero,28,9851,7244,2607,2349,1828,521
2021-01-29,2021,enero,29,9846,7210,2636,2397,1871,526
2021-01-30,2021,enero,30,9703,7124,2579,2361,1859,502
2021-01-31,2021,enero,31,9578,7016,2562,2323,1835,488
2021-02-01,2021,febrero,1,9545,6999,2546,2318,1845,473
2021-02-02,2021,febrero,2,9236,6788,2448,2255,1802,453
2021-02-03,2021,febrero,3,9216,6760,2456,2255,1801,454
2021-02-04,2021,febrero,4,9045,6638,2407,2268,1790,478
2021-02-05,2021,febrero,5,8861,6505,2356,2257,1767,490
2021-02-06,2021,febrero,6,8724,6441,2283,2246,1769,477
2021-02-07,2021,febrero,7,8566,6384,2182,2187,1723,464
2021-02-08,2021,febrero,8,8344,6228,2116,2124,1678,446
2021-02-09,2021,febrero,9,8268,6158,2110,2091,1675,416
2021-02-10,2021,febrero,10,8093,6043,2050,2010,1630,380
2021-02-11,2021,febrero,11,7873,5860,2013,2031,1638,393
2021-02-12,2021,febrero,12,7642,5692,1950,1996,1607,389
2021-02-13,2021,febrero,13,7485,5575,1910,1976,1592,384
2021-02-14,2021,febrero,14,7343,5481,1862,1922,1562,360
2021-02-15,2021,febrero,15,7191,5369,1822,1890,1525,365
2021-02-16,2021,febrero,16,7058,5256,1802,1836,1484,352
2021-02-17,2021,febrero,17,6898,5118,1780,1816,1483,333
2021-02-18,2021,febrero,18,6816,5059,1757,1814,1489,325
2021-02-19,2021,febrero,19,6667,4972,1695,1780,1461,319
2021-02-20,2021,febrero,20,6561,4914,1647,1738,1431,307
2021-02-21,2021,febrero,21,6493,4838,1655,1729,1432,297
2021-02-22,2021,febrero,22,6362,4759,1603,1691,1408,283
2021-02-23,2021,febrero,23,6288,4688,1600,1699,1408,291
2021-02-24,2021,febrero,24,6244,4645,1599,1677,1372,305
2021-02-25,2021,febrero,25,6195,4593,1602,1660,1361,299
2021-02-26,2021,febrero,26,6112,4548,1564,1669,1372,297
2021-02-27,2021,febrero,27,5891,4391,1500,1630,1340,290
2021-02-28,2021,febrero,28,5868,4371,1497,1598,1313,285
2021-03-01,2021,marzo,1,5788,4333,1455,1561,1299,262
2021-03-02,2021,marzo,2,5793,4317,1476,1576,1301,275
2021-03-03,2021,marzo,3,5799,4351,1448,1603,1326,277
2021-03-04,2021,marzo,4,5821,4384,1437,1610,1341,269
2021-03-05,2021,marzo,5,5791,4366,1425,1622,1349,273
2021-03-06,2021,marzo,6,5685,4255,1430,1557,1290,267
2021-03-07,2021,marzo,7,5605,4213,1392,1556,1279,277
2021-03-08,2021,marzo,8,5576,4200,1376,1503,1243,260
2021-03-09,2021,marzo,9,5571,4174,1397,1483,1216,267
2021-03-10,2021,marzo,10,5459,4100,1359,1508,1227,281
2021-03-11,2021,marzo,11,5388,4049,1339,1487,1221,266
2021-03-12,2021,marzo,12,5220,3916,1304,1470,1192,278
2021-03-13,2021,marzo,13,5120,3870,1250,1444,1184,260
2021-03-14,2021,marzo,14,5005,3764,1241,1405,1146,259
2021-03-15,2021,marzo,15,4985,3743,1242,1426,1169,257
2021-03-16,2021,marzo,16,4862,3695,1167,1423,1163,260
2021-03-17,2021,marzo,17,4847,3667,1180,1404,1150,254
2021-03-18,2021,marzo,18,4786,3649,1137,1396,1150,246
2021-03-19,2021,marzo,19,4693,3551,1142,1374,1134,240
2021-03-20,2021,marzo,20,4558,3458,1100,1357,1109,248
2021-03-21,2021,marzo,21,4442,3379,1063,1315,1089,226
2021-03-22,2021,marzo,22,4365,3344,1021,1293,1074,219
2021-03-23,2021,marzo,23,4337,3306,1031,1265,1050,215
2021-03-24,2021,marzo,24,4298,3227,1071,1265,1031,234
2021-03-25,2021,marzo,25,4182,3137,1045,1196,973,223
2021-03-26,2021,marzo,26,4146,3107,1039,1226,997,229
2021-03-27,2021,marzo,27,4088,3070,1018,1209,990,219
2021-03-28,2021,marzo,28,4015,3015,1000,1193,984,209
2021-03-29,2021,marzo,29,3967,2991,976,1166,954,212
2021-03-30,2021,marzo,30,3925,2939,986,1177,951,226
2021-03-31,2021,marzo,31,3860,2907,953,1162,942,220
2021-04-01,2021,abril,1,3741,2830,911,1124,916,208
2021-04-02,2021,abril,2,3686,2778,908,1080,887,193
2021-04-03,2021,abril,3,3631,2727,904,1074,883,191
2021-04-04,2021,abril,4,3557,2663,894,1057,862,195
2021-04-05,2021,abril,5,3534,2630,904,1059,863,196
2021-04-06,2021,abril,6,3522,2621,901,1037,847,190
2021-04-07,2021,abril,7,3434,2562,872,1027,853,174
2021-04-08,2021,abril,8,3383,2525,858,1039,851,188
2021-04-09,2021,abril,9,3326,2483,843,1025,835,190
2021-04-10,2021,abril,10,3288,2441,847,1020,827,193
2021-04-11,2021,abril,11,3291,2433,858,1017,817,200
2021-04-12,2021,abril,12,3265,2419,846,997,810,187
2021-04-13,2021,abril,13,3264,2402,862,992,813,179
2021-04-14,2021,abril,14,3244,2404,840,985,812,173
2021-04-15,2021,abril,15,3153,2323,830,960,787,173
2021-04-16,2021,abril,16,3066,2277,789,946,763,183
2021-04-17,2021,abril,17,3001,2214,787,919,740,179
2021-04-18,2021,abril,18,2947,2184,763,913,738,175
2021-04-19,2021,abril,19,2936,2174,762,913,740,173
2021-04-20,2021,abril,20,2890,2181,709,893,731,162
2021-04-21,2021,abril,21,2832,2144,688,888,741,147
2021-04-22,2021,abril,22,2764,2118,646,864,725,139
2021-04-23,2021,abril,23,2685,2059,626,836,702,134
2021-04-24,2021,abril,24,2556,1966,590,801,679,122
2021-04-25,2021,abril,25,2499,1914,585,774,658,116
2021-04-26,2021,abril,26,2387,1844,543,758,640,118
2021-04-27,2021,abril,27,2347,1797,550,727,614,113
2021-04-28,2021,abril,28,2267,1739,528,714,602,112
2021-04-29,2021,abril,29,2188,1681,507,668,562,106
2021-04-30,2021,abril,30,2109,1614,495,652,541,111
2021-05-01,2021,mayo,1,2041,1554,487,644,533,111
2021-05-02,2021,mayo,2,2010,1523,487,633,518,115
2021-05-03,2021,mayo,3,1981,1498,483,645,529,116
2021-05-04,2021,mayo,4,1930,1472,458,619,511,108
2021-05-05,2021,mayo,5,1877,1445,432,621,519,102
2021-05-06,2021,mayo,6,1806,1404,402,604,512,92
2021-05-07,2021,mayo,7,1740,1355,385,593,502,91
2021-05-08,2021,mayo,8,1683,1316,367,586,500,86
2021-05-09,2021,mayo,9,1648,1305,343,577,494,83
2021-05-10,2021,mayo,10,1643,1304,339,579,494,85
2021-05-11,2021,mayo,11,1669,1305,364,563,477,86
2021-05-12,2021,mayo,12,1624,1265,359,519,443,76
2021-05-13,2021,mayo,13,1573,1238,335,504,433,71
2021-05-14,2021,mayo,14,1533,1216,317,497,431,66
2021-05-15,2021,mayo,15,1474,1163,311,466,402,64
2021-05-16,2021,mayo,16,1453,1133,320,467,409,58
2021-05-17,2021,mayo,17,1412,1097,315,461,397,64
2021-05-18,2021,mayo,18,1370,1063,307,443,384,59
2021-05-19,2021,mayo,19,1301,998,303,418,359,59
2021-05-20,2021,mayo,20,1245,962,283,408,352,56
2021-05-21,2021,mayo,21,1180,903,277,372,316,56
2021-05-22,2021,mayo,22,1139,864,275,383,322,61
2021-05-23,2021,mayo,23,1101,839,262,368,302,66
2021-05-24,2021,mayo,24,1090,818,272,375,310,65
2021-05-25,2021,mayo,25,1049,791,258,369,303,66
2021-05-26,2021,mayo,26,993,749,244,352,286,66
2021-05-27,2021,mayo,27,1014,759,255,347,282,65
2021-05-28,2021,mayo,28,982,719,263,336,275,61
2021-05-29,2021,mayo,29,921,688,233,314,253,61
2021-05-30,2021,mayo,30,901,664,237,308,250,58
2021-05-31,2021,mayo,31,873,639,234,309,251,58
2021-06-01,2021,junio,1,885,651,234,304,243,61
2021-06-02,2021,junio,2,879,650,229,294,234,60
2021-06-03,2021,junio,3,834,615,219,284,230,54
2021-06-04,2021,junio,4,813,594,219,271,220,51
2021-06-05,2021,junio,5,792,587,205,261,214,47
2021-06-06,2021,junio,6,778,574,204,264,220,44
2021-06-07,2021,junio,7,800,599,201,276,229,47
2021-06-08,2021,junio,8,798,606,192,267,224,43
2021-06-09,2021,junio,9,816,630,186,266,223,43
2021-06-10,2021,junio,10,803,615,188,266,224,42
2021-06-11,2021,junio,11,787,597,190,264,227,37
2021-06-12,2021,junio,12,761,579,182,253,217,36
2021-06-13,2021,junio,13,787,597,190,256,219,37
2021-06-14,2021,junio,14,803,614,189,265,227,38
2021-06-15,2021,junio,15,823,624,199,277,246,31
2021-06-16,2021,junio,16,829,624,205,287,253,34
2021-06-17,2021,junio,17,836,642,194,282,250,32
2021-06-18,2021,junio,18,816,641,175,273,245,28
2021-06-19,2021,junio,19,816,643,173,278,247,31
2021-06-20,2021,junio,20,813,638,175,270,242,28
2021-06-21,2021,junio,21,858,665,193,280,248,32
2021-06-22,2021,junio,22,895,679,216,291,253,38
2021-06-23,2021,junio,23,882,677,205,285,245,40
2021-06-24,2021,junio,24,943,716,227,306,263,43
2021-06-25,2021,junio,25,943,710,233,315,268,47
2021-06-26,2021,junio,26,962,731,231,320,276,44
2021-06-27,2021,junio,27,990,755,235,321,279,42
2021-06-28,2021,junio,28,1031,785,246,324,285,39
2021-06-29,2021,junio,29,1076,810,266,337,300,37
2021-06-30,2021,junio,30,1140,866,274,361,320,41
2021-07-01,2021,julio,1,1158,862,296,352,310,42
2021-07-02,2021,julio,2,1152,863,289,362,317,45
2021-07-03,2021,julio,3,1209,901,308,380,333,47
2021-07-04,2021,julio,4,1249,921,328,378,333,45
2021-07-05,2021,julio,5,1372,1029,343,395,341,54
2021-07-06,2021,julio,6,1454,1093,361,408,355,53
2021-07-07,2021,julio,7,1546,1150,396,428,374,54
2021-07-08,2021,julio,8,1627,1213,414,464,400,64
2021-07-09,2021,julio,9,1781,1324,457,491,433,58
2021-07-10,2021,julio,10,1916,1416,500,534,463,71
2021-07-11,2021,julio,11,2012,1474,538,551,480,71
2021-07-12,2021,julio,12,2146,1575,571,559,480,79
2021-07-13,2021,julio,13,2327,1699,628,589,496,93
2021-07-14,2021,julio,14,2404,1770,634,597,500,97
2021-07-15,2021,julio,15,2538,1871,667,639,532,107
2021-07-16,2021,julio,16,2231,1609,622,600,492,108
2021-07-17,2021,julio,17,2289,1629,660,599,484,115
2021-07-18,2021,julio,18,2338,1651,687,642,515,127
2021-07-19,2021,julio,19,2511,1814,697,669,539,130
2021-07-20,2021,julio,20,2633,1898,735,702,568,134
2021-07-21,2021,julio,21,2763,1984,779,754,601,153
2021-07-22,2021,julio,22,2842,2026,816,756,606,150
2021-07-23,2021,julio,23,3035,2150,885,797,639,158
2021-07-24,2021,julio,24,3123,2211,912,827,672,155
2021-07-25,2021,julio,25,3207,2258,949,832,672,160
2021-07-26,2021,julio,26,3314,2319,995,862,691,171
2021-07-27,2021,julio,27,3533,2467,1066,874,704,170
2021-07-28,2021,julio,28,3617,2492,1125,924,747,177
2021-07-29,2021,julio,29,3719,2552,1167,922,743,179
2021-07-30,2021,julio,30,3771,2604,1167,986,785,201
2021-07-31,2021,julio,31,3813,2631,1182,1005,789,216
2021-08-01,2021,agosto,1,3972,2735,1237,1037,827,210
2021-08-02,2021,agosto,2,4088,2804,1284,1015,807,208
2021-08-03,2021,agosto,3,4176,2858,1318,1044,833,211
2021-08-04,2021,agosto,4,4266,2901,1365,1067,845,222
2021-08-05,2021,agosto,5,4254,2855,1399,1087,839,248
2021-08-06,2021,agosto,6,4311,2873,1438,1100,841,259
2021-08-07,2021,agosto,7,4294,2826,1468,1086,840,246
2021-08-08,2021,agosto,8,4359,2838,1521,1097,853,244
2021-08-09,2021,agosto,9,4437,2877,1560,1123,877,246
2021-08-10,2021,agosto,10,4457,2877,1580,1123,857,266
2021-08-11,2021,agosto,11,4432,2867,1565,1137,873,264
2021-08-12,2021,agosto,12,4493,2900,1593,1092,822,270
2021-08-13,2021,agosto,13,4458,2867,1591,1103,824,279
2021-08-14,2021,agosto,14,4436,2857,1579,1111,825,286
2021-08-15,2021,agosto,15,4365,2790,1575,1088,811,277
2021-08-16,2021,agosto,16,4409,2835,1574,1121,840,281
2021-08-17,2021,agosto,17,4421,2859,1562,1136,860,276
2021-08-18,2021,agosto,18,4451,2838,1613,1113,837,276
2021-08-19,2021,agosto,19,4426,2820,1606,1134,865,269
2021-08-20,2021,agosto,20,4343,2762,1581,1130,851,279
2021-08-21,2021,agosto,21,4278,2708,1570,1137,839,298
2021-08-22,2021,agosto,22,4218,2646,1572,1090,801,289
2021-08-23,2021,agosto,23,4135,2640,1495,1070,798,272
2021-08-24,2021,agosto,24,4097,2623,1474,1069,797,272
2021-08-25,2021,agosto,25,4017,2586,1431,1066,792,274
2021-08-26,2021,agosto,26,3900,2520,1380,1049,768,281
2021-08-27,2021,agosto,27,3765,2443,1322,1025,752,273
2021-08-28,2021,agosto,28,3702,2433,1269,1034,768,266
2021-08-29,2021,agosto,29,3607,2364,1243,990,735,255
2021-08-30,2021,agosto,30,3539,2326,1213,1012,759,253
2021-08-31,2021,agosto,31,3513,2320,1193,976,726,250
2021-09-01,2021,septiembre,1,3410,2250,1160,942,710,232
2021-09-02,2021,septiembre,2,3318,2182,1136,937,700,237
2021-09-02,2021,septiembre,2,3318,2182,1136,937,700,237
2021-09-05,2021,septiembre,5,2991,1939,1052,858,641,217
2021-09-06,2021,septiembre,6,2942,1925,1017,841,639,202
2021-09-07,2021,septiembre,7,2898,1891,1007,815,621,194
2021-09-08,2021,septiembre,8,2841,1856,985,791,592,199
2021-09-10,2021,septiembre,10,2679,1747,932,793,601,192
2021-09-11,2021,septiembre,11,2579,1681,898,778,589,189
2021-09-12,2021,septiembre,12,2546,1672,874,796,601,195
2021-09-13,2021,septiembre,13,2510,1660,850,771,582,189
2021-09-14,2021,septiembre,14,2510,1670,840,737,568,169
2021-09-16,2021,septiembre,16,2487,1639,848,763,584,179
2021-09-17,2021,septiembre,17,2440,1609,831,729,560,169
2021-09-18,2021,septiembre,18,2346,1555,791,724,556,168
2021-09-19,2021,septiembre,19,2273,1522,751,707,551,156
2021-09-20,2021,septiembre,20,2218,1490,728,692,533,159
2021-09-21,2021,septiembre,21,2152,1451,701,672,517,155
2021-09-23,2021,septiembre,23,1976,1342,634,634,505,129
2021-09-24,2021,septiembre,24,1907,1309,598,634,507,127
2021-09-25,2021,septiembre,25,1870,1268,602,627,500,127
2021-09-26,2021,septiembre,26,1839,1248,591,622,496,126
2021-09-27,2021,septiembre,27,1822,1246,576,608,497,111
2021-09-28,2021,septiembre,28,1787,1196,591,612,490,122
2021-09-29,2021,septiembre,29,1744,1155,589,607,486,121
2021-10-01,2021,octubre,1,1671,1124,547,594,480,114
2021-10-02,2021,octubre,2,1629,1109,520,578,471,107
2021-10-03,2021,octubre,3,1575,1065,510,566,465,101
2021-10-05,2021,octubre,5,1473,1013,460,515,425,90
2021-10-06,2021,octubre,6,1408,984,424,495,419,76
2021-10-07,2021,octubre,7,1367,963,404,481,405,76
2021-10-10,2021,octubre,10,1236,869,367,456,385,71
2021-10-11,2021,octubre,11,1225,875,350,461,395,66
2021-10-12,2021,octubre,12,1221,871,350,456,385,71
2021-10-13,2021,octubre,13,1180,828,352,439,364,75
2021-10-14,2021,octubre,14,1137,801,336,435,359,76
2021-10-15,2021,octubre,15,1097,783,314,420,350,70
2021-10-16,2021,octubre,16,1060,762,298,422,352,70
2021-10-17,2021,octubre,17,1022,736,286,406,340,66
2021-10-18,2021,octubre,18,1000,714,286,398,333,65
2021-10-19,2021,octubre,19,981,699,282,386,324,62
2021-10-20,2021,octubre,20,946,677,269,375,316,59
2021-10-21,2021,octubre,21,893,638,255,359,300,59
2021-10-22,2021,octubre,22,863,621,242,352,292,60
2021-10-23,2021,octubre,23,841,602,239,342,281,61
2021-10-24,2021,octubre,24,829,581,248,330,274,56
2021-10-25,2021,octubre,25,782,561,221,316,264,52
2021-10-26,2021,octubre,26,744,524,220,297,250,47
2021-10-27,2021,octubre,27,712,508,204,293,249,44
2021-10-28,2021,octubre,28,703,498,205,286,245,41
2021-10-30,2021,octubre,30,682,482,200,280,244,36
2021-10-31,2021,octubre,31,661,469,192,267,232,35
2021-11-01,2021,noviembre,1,640,457,183,264,231,33
2021-11-02,2021,noviembre,2,628,449,179,267,231,36
2021-11-03,2021,noviembre,3,609,440,169,271,234,37
2021-11-04,2021,noviembre,4,588,409,179,243,208,35
2021-11-05,2021,noviembre,5,566,387,179,234,201,33
2021-11-06,2021,noviembre,6,568,396,172,227,198,29
2021-11-07,2021,noviembre,7,543,378,165,229,193,36
2021-11-09,2021,noviembre,9,519,354,165,227,188,39
2021-11-10,2021,noviembre,10,515,358,157,222,184,38
2021-11-11,2021,noviembre,11,522,367,155,220,181,39
2021-11-12,2021,noviembre,12,497,357,140,210,173,37
2021-11-13,2021,noviembre,13,494,352,142,214,179,35
2021-11-14,2021,noviembre,14,487,355,132,200,167,33
2021-11-15,2021,noviembre,15,509,368,141,201,169,32
2021-11-16,2021,noviembre,16,511,366,145,203,173,30
2021-11-17,2021,noviembre,17,501,366,135,195,170,25
2021-11-18,2021,noviembre,18,491,350,141,192,164,28
2021-11-19,2021,noviembre,19,479,345,134,195,160,35
2021-11-20,2021,noviembre,20,453,328,125,177,144,33
2021-11-21,2021,noviembre,21,459,328,131,181,146,35
2021-11-22,2021,noviembre,22,489,344,145,192,142,50
2021-11-24,2021,noviembre,24,495,349,146,188,157,31
2021-11-25,2021,noviembre,25,479,338,141,183,152,31
2021-11-26,2021,noviembre,26,468,328,140,185,153,32
2021-11-27,2021,noviembre,27,451,321,130,184,149,35
2021-11-28,2021,noviembre,28,436,308,128,181,146,35
2021-11-30,2021,noviembre,30,428,298,130,169,137,32
2021-12-01,2021,diciembre,1,419,296,123,161,130,31
2021-12-02,2021,diciembre,2,401,284,117,155,120,35
2021-12-04,2021,diciembre,4,395,283,112,151,124,27
2021-12-05,2021,diciembre,5,386,274,112,152,127,25
2021-12-06,2021,diciembre,6,412,286,126,158,128,30
2021-12-07,2021,diciembre,7,395,278,117,151,123,28
2021-12-08,2021,diciembre,8,387,273,114,145,115,30
2021-12-09,2021,diciembre,9,380,269,111,143,114,29
2021-12-10,2021,diciembre,10,367,258,109,142,116,26
2021-12-12,2021,diciembre,12,353,250,103,140,116,24
2021-12-13,2021,diciembre,13,363,250,113,145,120,25
2021-12-14,2021,diciembre,14,361,250,111,143,119,24
2021-12-15,2021,diciembre,15,357,244,113,136,114,22
2021-12-16,2021,diciembre,16,354,242,112,134,108,26
2021-12-18,2021,diciembre,18,316,216,100,118,98,20
2021-12-19,2021,diciembre,19,320,219,101,119,99,20
2021-12-20,2021,diciembre,20,307,209,98,111,94,17
2021-12-21,2021,diciembre,21,302,207,95,107,88,19
2021-12-22,2021,diciembre,22,308,221,87,111,93,18
2021-12-23,2021,diciembre,23,292,200,92,103,87,16
2021-12-24,2021,diciembre,24,291,204,87,103,85,18
2021-12-25,2021,diciembre,25,276,209,67,100,87,13
2021-12-26,2021,diciembre,26,281,223,58,104,92,12
2021-12-27,2021,diciembre,27,319,244,75,115,101,14
2021-12-28,2021,diciembre,28,324,233,91,109,92,17
2021-12-29,2021,diciembre,29,316,230,86,101,88,13
2021-12-30,2021,diciembre,30,309,226,83,116,99,17
2021-12-31,2021,diciembre,31,308,228,80,112,93,19
2022-01-01,2022,enero,1,312,230,82,104,88,16
2022-01-02,2022,enero,2,334,241,93,108,90,18
2022-01-03,2022,enero,3,389,293,96,123,103,20
2022-01-04,2022,enero,4,436,321,115,115,99,16
2022-01-05,2022,enero,5,464,360,104,112,99,13
2022-01-06,2022,enero,6,525,409,116,115,103,12
2022-01-07,2022,enero,7,598,461,137,122,109,13
2022-01-08,2022,enero,8,630,495,135,130,118,12
2022-01-09,2022,enero,9,671,520,151,151,136,15
2022-01-10,2022,enero,10,762,600,162,168,153,15
2022-01-12,2022,enero,12,930,731,199,193,171,22
2022-01-13,2022,enero,13,1062,831,231,205,179,26
2022-01-14,2022,enero,14,1200,930,270,235,202,33
2022-01-15,2022,enero,15,1291,990,301,241,203,38
2022-01-16,2022,enero,16,1351,1028,323,247,207,40
2022-01-17,2022,enero,17,1521,1163,358,282,237,45
2022-01-18,2022,enero,18,1683,1265,418,308,249,59
2022-01-19,2022,enero,19,1897,1401,496,340,283,57
2022-01-20,2022,enero,20,2049,1514,535,387,320,67
2022-01-21,2022,enero,21,2092,1524,568,399,329,70
2022-01-22,2022,enero,22,2182,1584,598,424,350,74
2022-01-23,2022,enero,23,2312,1657,655,452,368,84
2022-01-24,2022,enero,24,2456,1749,707,501,407,94
2022-01-25,2022,enero,25,2598,1817,781,527,426,101
2022-01-26,2022,enero,26,2646,1843,803,525,424,101
2022-01-27,2022,enero,27,2695,1856,839,545,427,118
2022-01-29,2022,enero,29,2783,1940,843,578,467,111
2022-01-30,2022,enero,30,2800,1943,857,567,453,114
2022-01-31,2022,enero,31,2754,1897,857,580,456,124
2022-02-01,2022,febrero,1,2756,1856,900,557,438,119
2022-02-02,2022,febrero,2,2684,1838,846,564,441,123
2022-02-03,2022,febrero,3,2613,1766,847,586,450,136
2022-02-04,2022,febrero,4,2526,1720,806,581,453,128
2022-02-06,2022,febrero,6,2338,1602,736,564,437,127
2022-02-07,2022,febrero,7,2309,1593,716,574,447,127
2022-02-08,2022,febrero,8,2277,1557,720,569,441,128
